Date,Day of Week,Time,Active drivers,Online (h),Has booking (h),Waiting for booking (h),Busy (h),Hours per active driver,Rides per online hour,Finished Rides,People saw 0 cars (unique),People saw +1 cars (unique),Coverage Ratio (unique)
2016-12-18,7,23,52,18,6,11,11,0.3,0.67,12,9,32,78
2016-12-18,7,22,59,20,11,9,12,0.3,1.4,28,29,64,69
2016-12-18,7,21,72,25,7,18,15,0.3,0.64,16,5,39,89
2016-12-18,7,20,86,29,7,23,15,0.3,0.52,15,13,48,79
2016-12-18,7,19,82,31,14,17,19,0.4,1.16,36,12,77,87
2016-12-18,7,18,81,32,14,18,18,0.4,1,32,13,62,83
2016-12-18,7,17,72,30,13,17,13,0.4,0.87,26,9,61,87
2016-12-18,7,16,68,23,9,13,13,0.3,1.04,24,20,60,75
2016-12-18,7,15,65,24,5,19,12,0.4,0.5,12,7,37,84
2016-12-18,7,14,50,17,7,10,12,0.3,0.82,14,16,43,73
2016-12-18,7,13,44,15,7,7,12,0.3,1.47,22,19,46,71
2016-12-18,7,12,40,15,3,11,9,0.4,0.67,10,9,35,80
2016-12-18,7,11,38,10,2,8,7,0.3,0.5,5,9,20,69
2016-12-18,7,10,29,9,1,8,8,0.3,0.22,2,7,15,68
2016-12-18,7,9,22,7,1,6,7,0.3,0.14,1,7,5,42
2016-12-18,7,8,24,7,1,6,9,0.3,0.29,2,0,10,100
2016-12-18,7,7,28,9,1,8,11,0.3,0,3.5,1,4,80
2016-12-18,7,6,38,12,3,9,11,0.3,0.42,5,3,15,83
2016-12-18,7,5,46,16,7,9,13,0.3,0.69,11,12,33,73
2016-12-18,7,4,46,16,12,4,15,0.3,1.88,30,47,55,54
2016-12-18,7,3,54,23,10,12,16,0.4,1.17,27,15,72,83
2016-12-18,7,2,68,25,7,18,16,0.4,1,25,1,64,98
2016-12-18,7,1,79,25,13,12,22,0.3,1.16,29,21,69,77
2016-12-18,7,0,89,35,11,24,21,0.4,1.03,36,7,81,92
2016-12-17,6,23,100,38,12,27,19,0.4,0.82,31,10,79,89
2016-12-17,6,22,114,44,14,31,20,0.4,0.73,32,5,83,94
2016-12-17,6,21,103,39,18,21,24,0.4,1.21,47,25,96,79
2016-12-17,6,20,88,32,19,13,22,0.4,1.5,48,48,84,64
2016-12-17,6,19,84,28,16,13,23,0.3,1.36,38,34,89,72
2016-12-17,6,18,82,30,7,23,18,0.4,0.67,20,17,54,76
2016-12-17,6,17,69,23,10,14,16,0.3,0.91,21,24,63,72
2016-12-17,6,16,70,22,7,14,14,0.3,0.91,20,7,44,86
2016-12-17,6,15,62,21,6,15,12,0.3,0.67,14,14,39,74
2016-12-17,6,14,49,14,7,7,14,0.3,1.21,17,23,51,69
2016-12-17,6,13,40,13,4,9,9,0.3,0.69,9,16,32,67
2016-12-17,6,12,41,15,3,12,10,0.4,0.4,6,16,42,72
2016-12-17,6,11,34,12,5,7,9,0.4,1.08,13,30,25,45
2016-12-17,6,10,28,6,2,3,8,0.2,1,6,36,18,33
2016-12-17,6,9,23,7,4,2,6,0.3,1.14,8,37,25,40
2016-12-17,6,8,23,6,1,4,6,0.3,0.67,4,17,15,47
2016-12-17,6,7,20,7,2,6,7,0.3,0.71,5,8,11,58
2016-12-17,6,6,36,7,3,4,12,0.2,0.43,3,10,9,47
2016-12-17,6,5,51,11,6,5,20,0.2,0.91,10,12,25,68
2016-12-17,6,4,46,14,11,3,22,0.3,1.86,26,106,54,34
2016-12-17,6,3,64,21,16,5,23,0.3,1.76,37,105,87,45
2016-12-17,6,2,74,27,19,8,21,0.4,1.52,41,67,102,60
2016-12-17,6,1,83,29,20,9,23,0.3,2.03,59,69,96,58
2016-12-17,6,0,95,34,22,12,28,0.4,1.38,47,51,115,69
2016-12-16,5,23,119,43,17,26,29,0.4,1.14,49,5,107,96
2016-12-16,5,22,129,47,17,30,27,0.4,0.98,46,21,107,84
2016-12-16,5,21,126,50,22,28,30,0.4,0.8,40,39,153,80
2016-12-16,5,20,108,38,25,13,24,0.4,1.63,62,87,172,66
2016-12-16,5,19,93,33,24,8,22,0.4,1.09,36,129,141,52
2016-12-16,5,18,92,41,29,11,25,0.4,1.15,47,62,169,73
2016-12-16,5,17,91,36,17,18,17,0.4,0.89,32,29,127,81
2016-12-16,5,16,61,18,12,7,9,0.3,1,18,85,54,39
2016-12-16,5,15,53,14,9,5,9,0.3,0.93,13,80,36,31
2016-12-16,5,14,56,12,6,7,9,0.2,1,12,54,47,47
2016-12-16,5,13,43,14,8,5,10,0.3,0.71,10,66,25,27
2016-12-16,5,12,44,16,8,8,12,0.4,0.94,15,37,44,54
2016-12-16,5,11,56,20,8,12,12,0.4,0.5,10,32,53,62
2016-12-16,5,10,53,22,11,11,11,0.4,0.91,20,44,60,58
2016-12-16,5,9,47,22,17,5,10,0.5,1.59,35,90,73,45
2016-12-16,5,8,40,12,8,5,10,0.3,1.58,19,54,50,48
2016-12-16,5,7,28,7,2,5,6,0.3,0.86,6,22,13,37
2016-12-16,5,6,17,4,0,3,5,0.2,0,3.5,2,3,60
2016-12-16,5,5,20,5,1,4,6,0.3,0.2,1,2,4,67
2016-12-16,5,4,24,4,2,3,7,0.2,1.25,5,18,13,42
2016-12-16,5,3,23,6,3,2,11,0.3,1,6,59,18,23
2016-12-16,5,2,34,12,8,4,8,0.4,1.25,15,59,26,31
2016-12-16,5,1,43,13,8,5,12,0.3,1.69,22,34,40,54
2016-12-16,5,0,57,22,11,11,15,0.4,1.18,26,26,60,70
2016-12-15,4,23,67,33,21,12,14,0.5,1.55,51,34,89,72
2016-12-15,4,22,90,36,16,20,15,0.4,1.19,43,2,91,98
2016-12-15,4,21,95,35,17,18,15,0.4,1.29,45,16,97,86
2016-12-15,4,20,78,33,24,9,16,0.4,1.52,50,66,105,61
2016-12-15,4,19,70,30,26,4,16,0.4,1.47,44,105,81,44
2016-12-15,4,18,59,25,21,4,17,0.4,1.72,43,124,72,37
2016-12-15,4,17,63,18,12,7,19,0.3,1.33,24,51,66,56
2016-12-15,4,16,64,18,7,11,15,0.3,0.89,16,20,46,70
2016-12-15,4,15,61,12,3,9,18,0.2,0.5,6,18,25,58
2016-12-15,4,14,58,14,5,9,14,0.2,0.64,9,28,32,53
2016-12-15,4,13,50,9,3,5,13,0.2,0.67,6,31,32,51
2016-12-15,4,12,56,18,8,10,14,0.3,0.44,8,18,32,64
2016-12-15,4,11,63,22,8,14,16,0.3,0.91,20,20,46,70
2016-12-15,4,10,69,26,13,13,13,0.4,0.85,22,27,47,64
2016-12-15,4,9,54,25,18,7,11,0.5,1.48,37,43,57,57
2016-12-15,4,8,45,15,8,7,10,0.3,1.47,22,57,37,39
2016-12-15,4,7,35,9,3,7,9,0.3,0.78,7,17,14,45
2016-12-15,4,6,23,9,0,9,4,0.4,0.11,1,2,2,50
2016-12-15,4,5,14,7,1,7,1,0.5,0.43,3,0,3,100
2016-12-15,4,4,21,6,1,5,4,0.3,0,4,5,3,38
2016-12-15,4,3,22,7,2,5,6,0.3,0.71,5,13,9,41
2016-12-15,4,2,27,9,4,5,7,0.3,0.89,8,16,20,56
2016-12-15,4,1,43,16,7,9,12,0.4,0.81,13,7,30,81
2016-12-15,4,0,52,21,12,9,14,0.4,1.48,31,29,62,68
2016-12-14,3,23,71,28,12,15,15,0.4,1.25,35,13,71,85
2016-12-14,3,22,80,28,12,16,19,0.3,1.11,31,14,71,84
2016-12-14,3,21,85,29,12,18,24,0.3,1.28,37,12,68,85
2016-12-14,3,20,89,37,21,16,19,0.4,0.92,34,22,83,79
2016-12-14,3,19,80,30,22,9,19,0.4,1.43,43,75,79,51
2016-12-14,3,18,69,27,21,6,19,0.4,1.11,30,96,66,41
2016-12-14,3,17,76,22,12,10,21,0.3,1.09,24,43,66,61
2016-12-14,3,16,67,20,7,13,19,0.3,0.75,15,14,48,77
2016-12-14,3,15,62,19,5,14,18,0.3,0.58,11,11,42,79
2016-12-14,3,14,62,13,3,10,18,0.2,0.54,7,10,21,68
2016-12-14,3,13,71,19,6,13,20,0.3,0.37,7,2,36,95
2016-12-14,3,12,69,19,5,15,21,0.3,0.68,13,9,28,76
2016-12-14,3,11,71,28,5,23,20,0.4,0.39,11,2,27,93
2016-12-14,3,10,80,33,12,21,17,0.4,0.48,16,19,52,73
2016-12-14,3,9,57,22,17,6,17,0.4,1.5,33,61,64,51
2016-12-14,3,8,49,18,10,8,16,0.4,1,18,51,44,46
2016-12-14,3,7,42,14,3,11,10,0.3,0.57,8,17,22,56
2016-12-14,3,6,24,6,0,6,7,0.3,0.33,2,1,3,75
2016-12-14,3,5,17,6,0,6,6,0.4,0,1.66666666666667,2,3,60
2016-12-14,3,4,14,5,1,4,6,0.4,0,1.33333333333333,3,3,50
2016-12-14,3,3,12,2,0,2,6,0.2,0.5,1,12,3,20
2016-12-14,3,2,24,4,2,2,10,0.2,1,4,10,11,52
2016-12-14,3,1,35,11,3,9,12,0.3,0.73,8,13,16,55
2016-12-14,3,0,45,18,6,12,12,0.4,0.56,10,7,28,80
2016-12-13,2,23,60,20,6,14,15,0.3,0.95,19,11,52,83
2016-12-13,2,22,83,32,12,20,19,0.4,0.75,24,13,63,83
2016-12-13,2,21,99,33,14,18,21,0.3,1.3,43,9,83,90
2016-12-13,2,20,106,40,14,26,27,0.4,0.7,28,3,62,95
2016-12-13,2,19,98,36,21,16,25,0.4,1.17,42,30,83,73
2016-12-13,2,18,75,25,18,7,19,0.3,1.2,30,58,76,57
2016-12-13,2,17,72,22,11,11,15,0.3,1.18,26,30,52,63
2016-12-13,2,16,56,15,4,12,17,0.3,0.53,8,15,29,66
2016-12-13,2,15,53,17,5,12,16,0.3,0.47,8,10,20,67
2016-12-13,2,14,55,14,4,11,17,0.3,0.57,8,9,26,74
2016-12-13,2,13,56,15,3,12,13,0.3,0.6,9,11,25,69
2016-12-13,2,12,58,17,4,13,10,0.3,0.47,8,15,31,67
2016-12-13,2,11,64,25,8,17,14,0.4,0.6,15,9,33,79
2016-12-13,2,10,80,26,8,18,15,0.3,0.5,13,14,33,70
2016-12-13,2,9,54,19,13,6,13,0.4,1.37,26,61,50,45
2016-12-13,2,8,40,13,11,2,15,0.3,1.31,17,80,32,29
2016-12-13,2,7,39,8,4,4,14,0.2,1.13,9,24,14,37
2016-12-13,2,6,26,6,1,5,8,0.2,0.5,3,8,7,47
2016-12-13,2,5,13,4,0,4,5,0.3,0,3.25,1,3,75
2016-12-13,2,4,16,5,0,5,5,0.3,0,3.5,0,1,100
2016-12-13,2,3,14,5,0,4,6,0.4,0,3.75,1,2,67
2016-12-13,2,2,18,7,1,7,6,0.4,0.57,4,1,7,88
2016-12-13,2,1,29,10,1,9,7,0.3,0.1,1,7,10,59
2016-12-13,2,0,35,16,5,11,9,0.5,0.75,12,17,25,60
2016-12-12,1,23,50,16,3,13,16,0.3,0.81,13,6,29,83
2016-12-12,1,22,59,24,9,16,16,0.4,0.79,19,12,41,77
2016-12-12,1,21,73,24,5,19,18,0.3,0.67,16,17,33,66
2016-12-12,1,20,76,33,6,27,18,0.4,0.39,13,1,45,98
2016-12-12,1,19,90,32,13,19,24,0.4,0.81,26,12,52,81
2016-12-12,1,18,78,30,15,15,27,0.4,0.63,19,9,52,85
2016-12-12,1,17,83,34,7,27,23,0.4,0.59,20,9,46,84
2016-12-12,1,16,80,22,6,17,19,0.3,0.64,14,8,30,79
2016-12-12,1,15,67,21,2,19,20,0.3,0.29,6,5,17,77
2016-12-12,1,14,62,21,4,17,16,0.3,0.43,9,4,24,86
2016-12-12,1,13,63,18,4,14,20,0.3,0.44,8,8,26,76
2016-12-12,1,12,62,19,5,14,18,0.3,0.47,9,4,27,87
2016-12-12,1,11,65,26,4,22,16,0.4,0.42,11,4,30,88
2016-12-12,1,10,58,22,8,14,15,0.4,0.32,7,23,36,61
2016-12-12,1,9,56,19,13,6,9,0.3,1.42,27,41,45,52
2016-12-12,1,8,45,14,8,7,10,0.3,1.29,18,42,29,41
2016-12-12,1,7,32,8,2,5,8,0.3,0.75,6,21,13,38
2016-12-12,1,6,17,4,1,4,6,0.2,0.25,1,10,2,17
2016-12-12,1,5,14,2,0,2,5,0.1,0,1,2,0,0
2016-12-12,1,4,9,2,0,2,4,0.2,0,1,6,0,0
2016-12-12,1,3,12,3,0,3,3,0.3,0,1,5,2,29
2016-12-12,1,2,20,6,0,6,5,0.3,0.17,1,5,5,50
2016-12-12,1,1,29,11,3,8,5,0.4,0.64,7,9,19,68
2016-12-12,1,0,40,13,6,7,6,0.3,1.23,16,17,43,72
2016-12-11,7,23,53,16,7,9,10,0.3,1.31,21,37,39,51
2016-12-11,7,22,64,21,8,13,11,0.3,0.81,17,10,48,83
2016-12-11,7,21,60,15,7,8,16,0.3,1.27,19,12,41,77
2016-12-11,7,20,66,22,9,13,17,0.3,0.95,21,9,54,86
2016-12-11,7,19,66,24,12,12,20,0.4,0.83,20,23,53,70
2016-12-11,7,18,61,25,12,13,19,0.4,1.12,28,24,67,74
2016-12-11,7,17,64,21,9,12,20,0.3,1,21,25,47,65
2016-12-11,7,16,55,17,5,12,18,0.3,0.82,14,14,34,71
2016-12-11,7,15,51,19,6,13,16,0.4,0.47,9,10,35,78
2016-12-11,7,14,51,18,7,11,10,0.4,1.11,20,26,41,61
2016-12-11,7,13,45,13,4,9,9,0.3,0.69,9,20,32,62
2016-12-11,7,12,36,11,4,7,7,0.3,1,11,32,30,48
2016-12-11,7,11,32,9,1,8,13,0.3,0.67,6,23,19,45
2016-12-11,7,10,31,7,1,6,11,0.2,0.29,2,10,14,58
2016-12-11,7,9,29,8,1,7,11,0.3,0.25,2,9,14,61
2016-12-11,7,8,27,7,1,6,11,0.3,0.57,4,10,8,44
2016-12-11,7,7,25,11,1,10,8,0.4,0,5,3,5,63
2016-12-11,7,6,28,8,2,6,9,0.3,0.75,6,4,5,56
2016-12-11,7,5,28,6,2,4,9,0.2,1,6,20,14,41
2016-12-11,7,4,34,10,5,5,10,0.3,0.8,8,27,17,39
2016-12-11,7,3,53,19,9,10,11,0.4,1.26,24,18,48,73
2016-12-11,7,2,63,22,11,11,14,0.3,1.27,28,15,49,77
2016-12-11,7,1,65,29,14,14,14,0.4,1.41,41,4,76,95
2016-12-11,7,0,75,30,14,16,17,0.4,1.33,40,10,73,88
2016-12-10,6,23,86,34,11,23,21,0.4,0.88,30,10,67,87
2016-12-10,6,22,104,38,9,29,22,0.4,0.71,27,6,59,91
2016-12-10,6,21,97,38,10,28,22,0.4,0.61,23,0,69,100
2016-12-10,6,20,96,37,15,23,19,0.4,0.95,35,15,83,85
2016-12-10,6,19,90,36,13,23,20,0.4,0.78,28,18,63,78
2016-12-10,6,18,75,29,6,23,19,0.4,0.62,18,11,47,81
2016-12-10,6,17,62,25,6,19,11,0.4,0.56,14,3,40,93
2016-12-10,6,16,52,21,8,14,9,0.4,0.76,16,9,38,81
2016-12-10,6,15,45,16,4,12,6,0.4,0.63,10,6,29,83
2016-12-10,6,14,47,16,4,12,9,0.3,0.69,11,12,37,76
2016-12-10,6,13,45,18,4,13,11,0.4,0.5,9,6,22,79
2016-12-10,6,12,43,14,4,10,12,0.3,0.64,9,15,31,67
2016-12-10,6,11,40,16,3,13,11,0.4,0.31,5,7,34,83
2016-12-10,6,10,46,19,3,16,9,0.4,0.47,9,3,27,90
2016-12-10,6,9,42,11,3,8,9,0.3,0.64,7,9,17,65
2016-12-10,6,8,39,12,3,9,9,0.3,0.5,6,12,13,52
2016-12-10,6,7,35,12,0,11,7,0.3,0.08,1,3,9,75
2016-12-10,6,6,30,10,2,8,8,0.3,0.4,4,6,12,67
2016-12-10,6,5,36,11,5,6,9,0.3,1,11,18,24,57
2016-12-10,6,4,37,11,7,4,13,0.3,1.82,20,69,37,35
2016-12-10,6,3,42,17,11,6,13,0.4,1.47,25,63,46,42
2016-12-10,6,2,59,24,15,9,12,0.4,1.46,35,34,71,68
2016-12-10,6,1,71,31,17,14,14,0.4,1.55,48,10,87,90
2016-12-10,6,0,81,33,15,18,19,0.4,1.24,41,10,78,89
2016-12-09,5,23,98,39,9,30,21,0.4,0.82,32,4,74,95
2016-12-09,5,22,104,45,21,24,21,0.4,0.78,35,37,80,68
2016-12-09,5,21,96,35,22,13,26,0.4,1.6,56,64,102,61
2016-12-09,5,20,109,38,24,14,30,0.3,1.5,57,43,97,69
2016-12-09,5,19,96,37,20,18,22,0.4,1.05,39,27,106,80
2016-12-09,5,18,81,33,22,11,19,0.4,1.15,38,51,75,60
2016-12-09,5,17,75,27,10,17,20,0.4,0.7,19,22,56,72
2016-12-09,5,16,61,19,9,10,17,0.3,0.53,10,28,35,56
2016-12-09,5,15,58,17,7,10,16,0.3,1.06,18,19,53,74
2016-12-09,5,14,51,19,8,11,14,0.4,0.79,15,22,42,66
2016-12-09,5,13,54,15,5,10,14,0.3,0.73,11,18,33,65
2016-12-09,5,12,65,21,7,14,18,0.3,0.52,11,5,30,86
2016-12-09,5,11,70,26,5,21,16,0.4,0.46,12,11,38,78
2016-12-09,5,10,72,29,15,15,19,0.4,0.72,21,31,50,62
2016-12-09,5,9,59,22,17,5,19,0.4,1.68,37,62,73,54
2016-12-09,5,8,51,19,13,7,15,0.4,1.26,24,38,44,54
2016-12-09,5,7,41,11,4,7,14,0.3,1.27,14,21,17,45
2016-12-09,5,6,32,8,0,8,11,0.3,0.13,1,6,3,33
2016-12-09,5,5,27,10,0,9,9,0.4,0.1,1,3,5,63
2016-12-09,5,4,25,7,1,6,11,0.3,0.14,1,16,4,20
2016-12-09,5,3,28,11,4,7,10,0.4,1.09,12,12,17,59
2016-12-09,5,2,38,14,5,9,11,0.4,1.07,15,8,25,76
2016-12-09,5,1,50,18,5,13,13,0.4,0.61,11,3,25,89
2016-12-09,5,0,65,25,8,18,17,0.4,0.88,22,14,60,81
2016-12-08,4,23,85,29,8,21,21,0.3,0.76,22,7,49,88
2016-12-08,4,22,98,35,14,21,26,0.4,0.86,30,9,62,87
2016-12-08,4,21,108,36,18,18,35,0.3,1.39,50,25,76,75
2016-12-08,4,20,116,42,21,21,37,0.4,0.86,36,12,90,88
2016-12-08,4,19,103,40,27,14,33,0.4,1.32,53,46,107,70
2016-12-08,4,18,104,40,26,14,33,0.4,1.05,42,83,91,52
2016-12-08,4,17,104,32,17,16,33,0.3,0.91,29,39,71,65
2016-12-08,4,16,95,27,8,19,30,0.3,0.7,19,5,46,90
2016-12-08,4,15,76,26,6,20,24,0.3,0.62,16,5,39,89
2016-12-08,4,14,77,23,4,19,22,0.3,0.35,8,5,33,87
2016-12-08,4,13,80,26,3,22,23,0.3,0.38,10,5,30,86
2016-12-08,4,12,75,26,3,22,22,0.3,0.19,5,5,23,82
2016-12-08,4,11,84,28,6,22,22,0.3,0.43,12,4,26,87
2016-12-08,4,10,92,37,11,26,20,0.4,0.54,20,5,47,90
2016-12-08,4,9,77,32,17,15,20,0.4,1.13,36,17,65,79
2016-12-08,4,8,62,20,12,8,18,0.3,1.2,24,26,45,63
2016-12-08,4,7,44,12,2,11,14,0.3,0.58,7,15,18,55
2016-12-08,4,6,27,7,0,7,8,0.3,0.14,1,5,2,29
2016-12-08,4,5,17,5,0,5,7,0.3,0,1,2,3,60
2016-12-08,4,4,17,5,0,5,8,0.3,0,1,8,2,20
2016-12-08,4,3,18,6,0,6,8,0.3,0.17,1,7,6,46
2016-12-08,4,2,28,7,1,6,10,0.3,0.29,2,9,10,53
2016-12-08,4,1,48,17,3,14,11,0.4,0.24,4,2,14,88
2016-12-08,4,0,59,21,8,13,17,0.4,0.95,20,9,40,82
2016-12-07,3,23,77,26,10,15,22,0.3,1.15,30,14,49,78
2016-12-07,3,22,93,28,6,22,28,0.3,0.71,20,11,49,82
2016-12-07,3,21,104,36,8,28,27,0.3,0.61,22,5,50,91
2016-12-07,3,20,97,36,13,23,28,0.4,0.75,27,10,66,87
2016-12-07,3,19,101,35,21,14,32,0.3,0.89,31,45,77,63
2016-12-07,3,18,88,24,13,11,34,0.3,1.08,26,52,71,58
2016-12-07,3,17,106,35,12,23,31,0.3,0.49,17,5,48,91
2016-12-07,3,16,95,31,5,25,26,0.3,0.35,11,4,26,87
2016-12-07,3,15,84,26,4,22,22,0.3,0.31,8,4,34,89
2016-12-07,3,14,79,24,3,21,22,0.3,0.38,9,9,40,82
2016-12-07,3,13,80,26,4,22,22,0.3,0.31,8,7,32,82
2016-12-07,3,12,76,23,4,19,23,0.3,0.26,6,3,29,91
2016-12-07,3,11,97,37,6,31,24,0.4,0.24,9,3,35,92
2016-12-07,3,10,101,36,9,27,22,0.4,0.47,17,11,44,80
2016-12-07,3,9,84,27,13,14,23,0.3,1,27,27,64,70
2016-12-07,3,8,67,22,8,14,21,0.3,0.86,19,28,46,62
2016-12-07,3,7,48,16,4,12,14,0.3,0.5,8,16,21,57
2016-12-07,3,6,31,9,1,8,10,0.3,0.33,3,5,11,69
2016-12-07,3,5,24,8,0,8,10,0.3,0,2.33333333333333,3.5,6.5,59.5
2016-12-07,3,4,24,10,0,10,8,0.4,0,1.66666666666667,2,2,50
2016-12-07,3,3,28,10,1,9,8,0.4,0.1,1,0,2,100
2016-12-07,3,2,28,11,2,9,10,0.4,0.55,6,5,13,72
2016-12-07,3,1,39,15,1,13,11,0.4,0.07,1,0,16,100
2016-12-07,3,0,56,19,5,13,17,0.3,0.79,15,2,34,94
2016-12-06,2,23,72,29,8,21,22,0.4,0.69,20,6,46,88
2016-12-06,2,22,85,32,7,25,26,0.4,0.47,15,4,40,91
2016-12-06,2,21,103,35,9,26,30,0.3,0.69,24,6,43,88
2016-12-06,2,20,108,39,10,30,28,0.4,0.56,22,7,60,90
2016-12-06,2,19,108,43,22,21,24,0.4,0.65,28,15,74,83
2016-12-06,2,18,90,31,19,12,25,0.3,1.19,37,47,68,59
2016-12-06,2,17,91,30,6,24,24,0.3,0.63,19,1,50,98
2016-12-06,2,16,84,27,3,24,20,0.3,0.22,6,3,37,93
2016-12-06,2,15,76,23,2,22,19,0.3,0.17,4,7,26,79
2016-12-06,2,14,65,21,4,17,20,0.3,0.43,9,8,27,77
2016-12-06,2,13,68,19,3,16,20,0.3,0.53,10,7,25,78
2016-12-06,2,12,78,22,2,20,19,0.3,0.14,3,7,24,77
2016-12-06,2,11,73,26,5,20,18,0.4,0.35,9,10,32,76
2016-12-06,2,10,72,26,9,17,20,0.4,0.65,17,22,44,67
2016-12-06,2,9,75,30,16,14,19,0.4,0.97,29,39,66,63
2016-12-06,2,8,59,27,12,15,17,0.5,0.89,24,21,45,68
2016-12-06,2,7,46,15,5,10,11,0.3,1,15,19,22,54
2016-12-06,2,6,24,7,0,7,9,0.3,0.14,1,6,3,33
2016-12-06,2,5,14,5,0,5,9,0.4,0.2,1,1,2,67
2016-12-06,2,4,16,6,0,6,7,0.4,0,1.5,3,1,25
2016-12-06,2,3,18,6,1,5,7,0.3,0.33,2,6,3,33
2016-12-06,2,2,19,6,0,6,7,0.3,0,1.5,2,4,67
2016-12-06,2,1,25,8,1,7,8,0.3,0.13,1,9,14,61
2016-12-06,2,0,40,17,4,13,10,0.4,0.65,11,3,19,86
2016-12-05,1,23,52,19,3,16,12,0.4,0.47,9,4,26,87
2016-12-05,1,22,71,23,7,17,14,0.3,0.7,16,4,38,90
2016-12-05,1,21,85,27,7,20,21,0.3,0.56,15,7,39,85
2016-12-05,1,20,96,36,11,25,23,0.4,0.61,22,9,65,88
2016-12-05,1,19,93,39,24,15,23,0.4,0.92,36,28,85,75
2016-12-05,1,18,86,34,23,12,24,0.4,1.18,40,31,91,75
2016-12-05,1,17,94,34,12,22,29,0.4,0.68,23,4,57,93
2016-12-05,1,16,81,28,4,24,23,0.3,0.32,9,8,36,82
2016-12-05,1,15,81,29,3,26,23,0.4,0.24,7,7,22,76
2016-12-05,1,14,71,23,3,20,20,0.3,0.22,5,6,30,83
2016-12-05,1,13,70,20,4,16,19,0.3,0.45,9,6,26,81
2016-12-05,1,12,74,28,4,24,20,0.4,0.32,9,5,34,87
2016-12-05,1,11,78,32,4,28,17,0.4,0.31,10,4,33,89
2016-12-05,1,10,85,29,7,22,19,0.3,0.34,10,10,38,79
2016-12-05,1,9,75,27,15,12,20,0.4,1.07,29,32,66,67
2016-12-05,1,8,61,23,11,12,17,0.4,0.78,18,20,41,67
2016-12-05,1,7,41,14,4,9,8,0.3,0.79,11,13,33,72
2016-12-05,1,6,29,8,0,8,6,0.3,0.13,1,6,9,60
2016-12-05,1,5,15,5,0,5,5,0.3,0,1,1,1,50
2016-12-05,1,4,11,3,0,3,5,0.3,0,1,4,3,43
2016-12-05,1,3,9,4,0,4,4,0.4,0.25,1,1,4,80
2016-12-05,1,2,20,8,1,7,4,0.4,0.38,3,2,7,78
2016-12-05,1,1,31,10,1,10,7,0.3,0,3.5,4,12,75
2016-12-05,1,0,38,13,1,12,8,0.3,0.31,4,10,25,71
2016-12-04,7,23,46,15,3,13,12,0.3,0.4,6,10,30,75
2016-12-04,7,22,65,23,6,17,12,0.4,0.61,14,8,45,85
2016-12-04,7,21,77,29,6,23,15,0.4,0.72,21,8,44,85
2016-12-04,7,20,87,36,5,31,19,0.4,0.36,13,4,59,94
2016-12-04,7,19,87,33,9,24,24,0.4,0.67,22,8,62,89
2016-12-04,7,18,80,27,6,21,26,0.3,0.52,14,7,39,85
2016-12-04,7,17,81,28,9,19,17,0.3,0.75,21,3,55,95
2016-12-04,7,16,74,28,5,23,15,0.4,0.71,20,4,47,92
2016-12-04,7,15,72,30,3,27,12,0.4,0.23,7,1,29,97
2016-12-04,7,14,67,27,2,25,9,0.4,0.19,5,6,24,80
2016-12-04,7,13,54,23,3,20,7,0.4,0.35,8,4,31,89
2016-12-04,7,12,45,19,2,17,8,0.4,0.42,8,4,25,86
2016-12-04,7,11,47,18,0,18,7,0.4,0.11,2,4,23,85
2016-12-04,7,10,44,20,1,19,6,0.5,0.2,4,2,18,90
2016-12-04,7,9,39,14,0,14,6,0.4,0,2.5,3,15,83
2016-12-04,7,8,31,10,1,9,8,0.3,0.1,1,6,5,45
2016-12-04,7,7,30,11,1,11,8,0.4,0.36,4,1,5,83
2016-12-04,7,6,32,10,1,9,11,0.3,0.1,1,2,7,78
2016-12-04,7,5,40,13,2,11,13,0.3,0.54,7,6,17,74
2016-12-04,7,4,45,18,5,13,14,0.4,0.61,11,4,28,88
2016-12-04,7,3,51,19,3,16,16,0.4,0.47,9,3,20,87
2016-12-04,7,2,57,24,5,19,14,0.4,0.5,12,4,30,88
2016-12-04,7,1,65,32,4,28,15,0.5,0.38,12,8,31,79
2016-12-04,7,0,70,34,6,28,14,0.5,0.59,20,6,49,89
2016-12-03,6,23,81,41,6,34,15,0.5,0.34,14,1,30,97
2016-12-03,6,22,92,41,5,36,18,0.4,0.34,14,1,34,97
2016-12-03,6,21,92,40,5,35,17,0.4,0.28,11,3,32,91
2016-12-03,6,20,94,45,4,41,19,0.5,0.31,14,8,38,83
2016-12-03,6,19,98,42,6,37,17,0.4,0.29,12,3,29,91
2016-12-03,6,18,86,39,3,36,17,0.5,0.28,11,3,34,92
2016-12-03,6,17,80,25,3,23,18,0.3,0.24,6,1,22,96
2016-12-03,6,16,72,28,4,25,17,0.4,0.25,7,5,22,81
2016-12-03,6,15,70,30,4,26,17,0.4,0.37,11,1,25,96
2016-12-03,6,14,76,33,2,31,12,0.4,0.24,8,5,26,84
2016-12-03,6,13,73,31,1,30,12,0.4,0,7.5,3,17,85
2016-12-03,6,12,62,26,3,23,12,0.4,0.27,7,4,25,86
2016-12-03,6,11,56,23,1,22,12,0.4,0.13,3,6,14,70
2016-12-03,6,10,49,23,1,22,9,0.5,0.17,4,2,12,86
2016-12-03,6,9,46,22,0,22,8,0.5,0,2.5,1,9,90
2016-12-03,6,8,39,19,1,18,10,0.5,0.05,1,3,7,70
2016-12-03,6,7,40,16,1,15,8,0.4,0.06,1,1,2,67
2016-12-03,6,6,43,19,0,19,9,0.4,0.05,1,0,4,100
2016-12-03,6,5,42,21,1,20,9,0.5,0.1,2,1,8,89
2016-12-03,6,4,43,20,2,18,10,0.5,0.35,7,1,12,92
2016-12-03,6,3,53,23,2,21,15,0.4,0.3,7,1,19,95
2016-12-03,6,2,59,31,2,29,14,0.5,0.19,6,0,14,100
2016-12-03,6,1,68,30,3,27,16,0.4,0.27,8,3,26,90
2016-12-03,6,0,73,30,3,26,19,0.4,0.2,6,0,29,100
2016-12-02,5,23,86,35,3,31,22,0.4,0.29,10,5,31,86
2016-12-02,5,22,101,46,3,43,26,0.5,0.22,10,2,27,93
2016-12-02,5,21,113,47,3,45,22,0.4,0.15,7,1,26,96
2016-12-02,5,20,110,46,4,42,21,0.4,0.22,10,3,33,92
2016-12-02,5,19,114,52,6,47,22,0.5,0.27,14,3,36,92
2016-12-02,5,18,106,48,5,44,21,0.5,0.21,10,1,33,97
2016-12-02,5,17,100,50,4,45,18,0.5,0.24,12,2,34,94
2016-12-02,5,16,85,38,4,34,16,0.4,0.29,11,2,29,94
2016-12-02,5,15,71,29,4,25,16,0.4,0.34,10,4,25,86
2016-12-02,5,14,76,26,2,24,23,0.3,0.19,5,2,19,90
2016-12-02,5,13,69,26,3,23,24,0.4,0.31,8,7,21,75
2016-12-02,5,12,79,34,1,33,20,0.4,0.06,2,3,27,90
2016-12-02,5,11,76,35,2,33,19,0.5,0.2,7,0,28,100
2016-12-02,5,10,73,34,0,34,16,0.5,0.03,1,1,19,95
2016-12-02,5,9,71,32,3,29,15,0.5,0.19,6,2,23,92
2016-12-02,5,8,53,22,3,18,14,0.4,0.45,10,2,21,91
2016-12-02,5,7,41,16,0,15,11,0.4,0.13,2,6,8,57
2016-12-02,5,6,27,8,1,7,9,0.3,0.13,1,3,2,40
2016-12-02,5,5,24,9,1,7,9,0.4,0.44,4,5,7,58
2016-12-02,5,4,23,8,2,6,10,0.3,0.38,3,6,5,45
2016-12-02,5,3,26,11,2,9,8,0.4,0.45,5,5,10,67
2016-12-02,5,2,45,16,1,15,11,0.4,0.25,4,1,15,94
2016-12-02,5,1,56,21,8,13,18,0.4,0.67,14,8,33,80
2016-12-02,5,0,61,23,15,8,17,0.4,1.57,36,15,55,79
2016-12-01,4,23,72,25,7,18,21,0.3,0.96,24,11,56,84
2016-12-01,4,22,83,35,5,29,20,0.4,0.4,14,5,37,88
2016-12-01,4,21,86,31,5,27,22,0.4,0.42,13,4,33,89
2016-12-01,4,20,80,32,9,24,20,0.4,0.59,19,5,57,92
2016-12-01,4,19,79,33,8,25,18,0.4,0.64,21,10,58,85
2016-12-01,4,18,72,31,6,25,18,0.4,0.39,12,8,46,85
2016-12-01,4,17,70,26,4,22,18,0.4,0.46,12,7,40,85
2016-12-01,4,16,71,27,2,25,18,0.4,0.26,7,3,28,90
2016-12-01,4,15,62,24,3,21,15,0.4,0.33,8,3,23,88
2016-12-01,4,14,60,22,4,19,15,0.4,0.32,7,4,26,87
2016-12-01,4,13,52,20,4,16,14,0.4,0.45,9,4,28,88
2016-12-01,4,12,51,20,4,16,12,0.4,0.5,10,7,28,80
2016-12-01,4,11,48,18,2,16,12,0.4,0.17,3,3,21,88
2016-12-01,4,10,54,18,2,16,15,0.3,0.39,7,11,27,71
2016-12-01,4,9,47,21,2,19,10,0.4,0.29,6,1,21,95
2016-12-01,4,8,39,15,2,14,11,0.4,0.27,4,5,13,72
2016-12-01,4,7,28,10,0,10,10,0.4,0.1,1,5,6,55
2016-12-01,4,6,25,5,0,5,11,0.2,0,1,5,1,17
2016-12-01,4,5,29,6,1,5,10,0.2,0.17,1,5,5,50
2016-12-01,4,4,30,7,2,5,12,0.2,0.71,5,8,13,62
2016-12-01,4,3,36,9,2,7,12,0.3,0.67,6,15,19,56
2016-12-01,4,2,44,17,4,14,13,0.4,0.53,9,5,27,84
2016-12-01,4,1,65,22,5,17,17,0.3,0.59,13,2,33,94
2016-12-01,4,0,71,25,10,15,19,0.4,0.96,24,9,48,84
2016-11-30,3,23,74,25,11,14,22,0.3,1.08,27,11,59,84
2016-11-30,3,22,81,30,6,24,21,0.4,0.67,20,6,39,87
2016-11-30,3,21,74,27,5,22,21,0.4,0.59,16,5,34,87
2016-11-30,3,20,91,37,4,33,18,0.4,0.35,13,7,44,86
2016-11-30,3,19,81,31,6,25,23,0.4,0.52,16,5,46,90
2016-11-30,3,18,84,34,7,27,19,0.4,0.5,17,3,37,93
2016-11-30,3,17,91,30,4,26,22,0.3,0.27,8,1,34,97
2016-11-30,3,16,92,32,4,29,15,0.3,0.28,9,3,30,91
2016-11-30,3,15,86,25,2,22,19,0.3,0.36,9,8,26,76
2016-11-30,3,14,82,28,3,24,19,0.3,0.29,8,3,29,91
2016-11-30,3,13,77,27,6,21,19,0.4,0.52,14,11,34,76
2016-11-30,3,12,72,29,3,26,16,0.4,0.28,8,7,30,81
2016-11-30,3,11,76,28,1,27,17,0.4,0.11,3,2,20,91
2016-11-30,3,10,72,27,3,24,17,0.4,0.22,6,5,19,79
2016-11-30,3,9,67,26,3,23,14,0.4,0.31,8,7,19,73
2016-11-30,3,8,61,27,2,25,9,0.4,0.11,3,4,21,84
2016-11-30,3,7,41,16,3,14,9,0.4,0.44,7,10,16,62
2016-11-30,3,6,29,10,1,9,9,0.3,0.2,2,11,14,56
2016-11-30,3,5,34,13,3,9,9,0.4,0.31,4,13,20,61
2016-11-30,3,4,29,13,7,6,7,0.4,1,13,48,26,35
2016-11-30,3,3,32,15,5,9,8,0.5,0.87,13,27,25,48
2016-11-30,3,2,46,18,2,16,9,0.4,0.33,6,3,14,82
2016-11-30,3,1,61,29,9,20,12,0.5,0.62,18,3,50,94
2016-11-30,3,0,68,30,13,18,15,0.4,1.07,32,3,67,96
2016-11-29,2,23,81,40,18,22,14,0.5,1.2,48,7,90,93
2016-11-29,2,22,96,42,15,28,22,0.4,0.88,37,5,97,95
2016-11-29,2,21,96,42,15,27,22,0.4,0.9,38,13,86,87
2016-11-29,2,20,102,38,10,28,22,0.4,0.68,26,10,88,90
2016-11-29,2,19,110,43,22,21,21,0.4,0.79,34,27,89,77
2016-11-29,2,18,100,34,20,15,22,0.3,0.88,30,44,77,64
2016-11-29,2,17,81,29,13,16,23,0.4,0.93,27,19,45,70
2016-11-29,2,16,75,23,9,14,22,0.3,0.57,13,24,43,64
2016-11-29,2,15,67,22,8,13,24,0.3,0.73,16,15,43,74
2016-11-29,2,14,64,21,8,13,23,0.3,0.52,11,6,34,85
2016-11-29,2,13,71,26,7,19,21,0.4,0.58,15,8,43,84
2016-11-29,2,12,72,26,5,21,20,0.4,0.42,11,5,32,86
2016-11-29,2,11,74,28,6,22,21,0.4,0.43,12,10,41,80
2016-11-29,2,10,90,35,7,27,21,0.4,0.37,13,9,52,85
2016-11-29,2,9,82,35,20,15,20,0.4,0.86,30,33,64,66
2016-11-29,2,8,67,33,14,19,15,0.5,0.94,31,17,55,76
2016-11-29,2,7,56,22,6,16,7,0.4,0.59,13,9,22,71
2016-11-29,2,6,35,12,0,12,5,0.3,0.08,1,3,6,67
2016-11-29,2,5,23,10,0,10,5,0.4,0,1.5,3,3,50
2016-11-29,2,4,23,10,0,9,5,0.4,0.2,2,2,3,60
2016-11-29,2,3,23,11,0,11,6,0.5,0,1.66666666666667,1,4,80
2016-11-29,2,2,26,11,0,11,6,0.4,0,1.33333333333333,6,3,33
2016-11-29,2,1,31,11,0,11,8,0.4,0.09,1,1,6,86
2016-11-29,2,0,47,15,2,13,11,0.3,0.27,4,6,23,79
2016-11-28,1,23,62,24,5,19,13,0.4,0.46,11,7,36,84
2016-11-28,1,22,72,29,6,23,20,0.4,0.41,12,7,48,87
2016-11-28,1,21,94,38,5,32,23,0.4,0.39,15,2,37,95
2016-11-28,1,20,113,49,5,45,23,0.4,0.27,13,2,41,95
2016-11-28,1,19,117,49,13,36,21,0.4,0.57,28,4,70,95
2016-11-28,1,18,95,40,15,25,21,0.4,0.88,35,1,64,98
2016-11-28,1,17,102,40,10,30,20,0.4,0.4,16,3,45,94
2016-11-28,1,16,90,35,5,30,18,0.4,0.34,12,2,40,95
2016-11-28,1,15,74,25,4,21,18,0.3,0.32,8,8,33,80
2016-11-28,1,14,63,20,3,17,17,0.3,0.3,6,5,24,83
2016-11-28,1,13,57,21,2,19,15,0.4,0.24,5,5,29,85
2016-11-28,1,12,67,22,3,19,15,0.3,0.36,8,1,25,96
2016-11-28,1,11,75,32,4,28,14,0.4,0.16,5,5,20,80
2016-11-28,1,10,79,36,9,27,17,0.5,0.47,17,4,55,93
2016-11-28,1,9,77,34,15,19,18,0.4,0.76,26,20,51,72
2016-11-28,1,8,62,24,11,13,13,0.4,0.96,23,21,42,67
2016-11-28,1,7,44,15,5,10,12,0.3,0.8,12,24,21,47
2016-11-28,1,6,25,8,1,7,8,0.3,0.5,4,7,6,46
2016-11-28,1,5,17,6,0,6,6,0.4,0.17,1,2,1,33
2016-11-28,1,4,15,7,0,7,5,0.5,0,1.66666666666667,7,1,13
2016-11-28,1,3,20,8,0,8,6,0.4,0,2.33333333333333,2,4,67
2016-11-28,1,2,21,10,1,8,7,0.5,0.3,3,2,9,82
2016-11-28,1,1,31,12,1,11,8,0.4,0.33,4,3,12,80
2016-11-28,1,0,43,17,1,16,10,0.4,0.18,3,1,17,94
2016-11-27,7,23,58,21,5,16,15,0.4,0.71,15,6,34,85
2016-11-27,7,22,66,28,5,23,17,0.4,0.57,16,3,45,94
2016-11-27,7,21,85,36,6,30,18,0.4,0.53,19,5,48,91
2016-11-27,7,20,84,41,5,36,19,0.5,0.32,13,4,41,91
2016-11-27,7,19,89,37,4,33,22,0.4,0.32,12,5,34,87
2016-11-27,7,18,83,33,8,26,19,0.4,0.21,7,5,40,89
2016-11-27,7,17,84,34,4,30,23,0.4,0.56,19,4,44,92
2016-11-27,7,16,75,30,4,26,18,0.4,0.3,9,7,25,78
2016-11-27,7,15,72,31,4,27,9,0.4,0.42,13,2,30,94
2016-11-27,7,14,60,28,5,23,9,0.5,0.39,11,0,16,100
2016-11-27,7,13,48,19,4,15,11,0.4,0.37,7,6,41,87
2016-11-27,7,12,47,18,5,13,9,0.4,0.33,6,14,34,71
2016-11-27,7,11,42,15,4,11,8,0.4,0.67,10,14,30,68
2016-11-27,7,10,43,12,3,9,8,0.3,0.75,9,9,21,70
2016-11-27,7,9,28,12,0,12,10,0.4,0.17,2,6,16,73
2016-11-27,7,8,29,10,2,8,9,0.3,0.3,3,11,15,58
2016-11-27,7,7,24,10,1,9,6,0.4,0.3,3,5,3,38
2016-11-27,7,6,34,13,2,12,9,0.4,0.08,1,0,10,100
2016-11-27,7,5,46,20,4,16,12,0.4,0.55,11,0,19,100
2016-11-27,7,4,56,24,8,16,14,0.4,1,24,6,34,85
2016-11-27,7,3,71,32,6,25,17,0.5,0.59,19,0,34,100
2016-11-27,7,2,78,34,8,26,22,0.4,0.62,21,0,38,100
2016-11-27,7,1,93,44,13,31,22,0.5,0.59,26,0,68,100
2016-11-27,7,0,97,42,14,28,26,0.4,1,42,0,73,100
2016-11-26,6,23,105,51,7,44,28,0.5,0.51,26,1,61,98
2016-11-26,6,22,110,51,6,45,26,0.5,0.31,16,1,52,98
2016-11-26,6,21,116,56,8,48,25,0.5,0.38,21,2,47,96
2016-11-26,6,20,112,51,8,43,21,0.5,0.43,22,2,49,96
2016-11-26,6,19,108,46,5,41,25,0.4,0.37,17,10,55,85
2016-11-26,6,18,100,40,3,36,22,0.4,0.15,6,2,31,94
2016-11-26,6,17,85,34,5,30,21,0.4,0.35,12,6,32,84
2016-11-26,6,16,69,25,6,19,17,0.4,0.44,11,2,31,94
2016-11-26,6,15,58,22,4,18,17,0.4,0.32,7,4,49,92
2016-11-26,6,14,62,20,4,16,14,0.3,0.55,11,4,27,87
2016-11-26,6,13,66,28,2,26,14,0.4,0.14,4,2,26,93
2016-11-26,6,12,60,27,7,20,11,0.5,0.63,17,3,30,91
2016-11-26,6,11,57,24,5,18,12,0.4,0.42,10,3,39,93
2016-11-26,6,10,51,19,6,13,12,0.4,0.79,15,13,41,76
2016-11-26,6,9,45,17,2,15,8,0.4,0.29,5,6,23,79
2016-11-26,6,8,37,15,2,13,8,0.4,0.27,4,2,18,90
2016-11-26,6,7,34,14,1,12,6,0.4,0.21,3,0,8,100
2016-11-26,6,6,31,12,2,11,6,0.4,0.33,4,1,8,89
2016-11-26,6,5,36,14,3,10,6,0.4,0.36,5,1,10,91
2016-11-26,6,4,43,18,9,9,7,0.4,1.11,20,8,29,78
2016-11-26,6,3,58,24,6,17,13,0.4,0.71,17,0,37,100
2016-11-26,6,2,72,29,8,21,18,0.4,0.69,20,2,40,95
2016-11-26,6,1,85,34,6,28,23,0.4,0.53,18,3,32,91
2016-11-26,6,0,96,41,9,33,24,0.4,0.54,22,1,49,98
2016-11-25,5,23,99,38,7,31,24,0.4,0.66,25,4,63,94
2016-11-25,5,22,109,48,7,41,24,0.4,0.42,20,8,51,86
2016-11-25,5,21,111,48,7,41,26,0.4,0.42,20,2,49,96
2016-11-25,5,20,118,47,6,41,30,0.4,0.34,16,9,63,88
2016-11-25,5,19,112,51,14,36,23,0.5,0.47,24,4,65,94
2016-11-25,5,18,91,42,23,19,19,0.5,0.81,34,22,86,80
2016-11-25,5,17,90,37,15,22,16,0.4,0.78,29,18,68,79
2016-11-25,5,16,86,30,8,22,16,0.3,0.43,13,9,49,84
2016-11-25,5,15,74,26,9,16,18,0.4,0.65,17,7,44,86
2016-11-25,5,14,67,22,7,15,19,0.3,0.55,12,12,39,76
2016-11-25,5,13,71,23,5,19,20,0.3,0.57,13,3,42,93
2016-11-25,5,12,74,27,6,21,20,0.4,0.52,14,8,36,82
2016-11-25,5,11,71,27,8,19,17,0.4,0.52,14,13,40,75
2016-11-25,5,10,75,28,12,17,16,0.4,0.68,19,12,55,82
2016-11-25,5,9,70,26,16,10,13,0.4,1.23,32,49,66,57
2016-11-25,5,8,58,19,11,8,9,0.3,1.32,25,38,50,57
2016-11-25,5,7,45,15,4,11,7,0.3,0.73,11,16,27,63
2016-11-25,5,6,31,10,0,10,7,0.3,0.1,1,2,3,60
2016-11-25,5,5,24,11,0,10,7,0.5,0.09,1,1,2,67
2016-11-25,5,4,24,8,0,8,9,0.3,0.13,1,2,4,67
2016-11-25,5,3,26,9,1,8,9,0.3,0.22,2,2,8,80
2016-11-25,5,2,35,11,2,9,10,0.3,0.55,6,2,12,86
2016-11-25,5,1,50,18,2,16,13,0.4,0.28,5,1,19,95
2016-11-25,5,0,57,23,8,15,15,0.4,0.7,16,6,48,89
2016-11-24,4,23,72,28,11,17,21,0.4,1.11,31,9,63,88
2016-11-24,4,22,93,36,7,29,26,0.4,0.47,17,4,42,91
2016-11-24,4,21,116,44,7,37,27,0.4,0.41,18,3,52,95
2016-11-24,4,20,123,50,8,42,27,0.4,0.34,17,0,56,100
2016-11-24,4,19,116,45,16,28,28,0.4,0.71,32,11,78,88
2016-11-24,4,18,106,43,23,21,28,0.4,0.86,37,12,79,87
2016-11-24,4,17,91,34,11,23,27,0.4,0.62,21,4,57,93
2016-11-24,4,16,101,36,6,30,23,0.4,0.44,16,0,39,100
2016-11-24,4,15,86,32,2,30,19,0.4,0.16,5,2,19,90
2016-11-24,4,14,71,28,3,26,16,0.4,0.25,7,2,24,92
2016-11-24,4,13,72,26,6,20,14,0.4,0.35,9,6,36,86
2016-11-24,4,12,73,27,4,23,20,0.4,0.33,9,9,28,76
2016-11-24,4,11,83,36,7,28,16,0.4,0.33,12,9,39,81
2016-11-24,4,10,83,39,9,30,13,0.5,0.46,18,14,49,78
2016-11-24,4,9,73,31,17,14,15,0.4,1.03,32,38,72,65
2016-11-24,4,8,66,27,13,14,13,0.4,0.93,25,36,60,63
2016-11-24,4,7,53,18,2,16,9,0.3,0.44,8,14,26,65
2016-11-24,4,6,37,14,0,14,6,0.4,0.07,1,3,8,73
2016-11-24,4,5,31,16,0,16,5,0.5,0.06,1,1,4,80
2016-11-24,4,4,25,11,0,11,6,0.4,0,1,8,4,33
2016-11-24,4,3,22,8,1,7,7,0.4,0.13,1,11,4,27
2016-11-24,4,2,34,13,0,12,9,0.4,0.08,1,5,11,69
2016-11-24,4,1,53,22,2,20,11,0.4,0.23,5,3,25,89
2016-11-24,4,0,70,27,8,19,19,0.4,0.63,17,4,53,93
2016-11-23,3,23,75,37,12,24,18,0.5,1,37,1,72,99
2016-11-23,3,22,87,40,7,32,18,0.5,0.68,27,0,61,100
2016-11-23,3,21,110,44,6,38,23,0.4,0.41,18,3,56,95
2016-11-23,3,20,115,53,8,45,24,0.5,0.32,17,1,54,98
2016-11-23,3,19,115,49,18,32,23,0.4,0.61,30,6,71,92
2016-11-23,3,18,102,40,23,17,22,0.4,1.07,43,24,116,83
2016-11-23,3,17,102,45,8,37,19,0.4,0.53,24,8,158,95
2016-11-23,3,16,89,32,3,29,19,0.4,0.19,6,1,25,96
2016-11-23,3,15,76,24,2,22,19,0.3,0.25,6,1,27,96
2016-11-23,3,14,78,26,3,23,20,0.3,0.19,5,2,18,90
2016-11-23,3,13,76,24,5,19,25,0.3,0.33,8,4,25,86
2016-11-23,3,12,75,32,2,30,22,0.4,0.19,6,0,26,100
2016-11-23,3,11,87,33,6,28,22,0.4,0.27,9,5,20,80
2016-11-23,3,10,92,41,9,32,21,0.4,0.34,14,10,31,76
2016-11-23,3,9,80,34,17,17,17,0.4,0.88,30,43,68,61
2016-11-23,3,8,69,29,13,16,12,0.4,0.86,25,35,43,55
2016-11-23,3,7,49,17,2,15,9,0.3,0.47,8,4,18,82
2016-11-23,3,6,33,14,0,14,5,0.4,0,6,2,8,80
2016-11-23,3,5,26,12,0,11,6,0.5,0,4,0,3,100
2016-11-23,3,4,21,9,0,9,5,0.4,0.22,2,3,3,50
2016-11-23,3,3,24,9,1,9,6,0.4,0.11,1,3,7,70
2016-11-23,3,2,28,13,1,12,6,0.5,0.23,3,1,6,86
2016-11-23,3,1,42,18,2,16,6,0.4,0.06,1,3,7,70
2016-11-23,3,0,48,22,4,19,11,0.5,0.41,9,4,24,86
2016-11-22,2,23,64,25,5,20,15,0.4,0.48,12,9,34,79
2016-11-22,2,22,82,30,7,24,21,0.4,0.67,20,2,44,96
2016-11-22,2,21,92,40,4,36,20,0.4,0.28,11,1,30,97
2016-11-22,2,20,107,50,11,39,20,0.5,0.46,23,6,47,89
2016-11-22,2,19,104,45,14,31,24,0.4,0.56,25,9,65,88
2016-11-22,2,18,113,38,12,26,22,0.3,0.58,22,12,66,85
2016-11-22,2,17,117,45,3,42,25,0.4,0.2,9,1,35,97
2016-11-22,2,16,91,38,4,34,18,0.4,0.21,8,0,24,100
2016-11-22,2,15,77,27,1,27,13,0.4,0.04,1,0,9,100
2016-11-22,2,14,75,32,2,30,13,0.4,0.09,3,1,19,95
2016-11-22,2,13,74,27,3,24,13,0.4,0.19,5,1,23,96
2016-11-22,2,12,70,22,4,19,18,0.3,0.27,6,2,15,88
2016-11-22,2,11,84,30,2,28,16,0.4,0.13,4,0,21,100
2016-11-22,2,10,75,32,9,22,15,0.4,0.5,16,6,39,87
2016-11-22,2,9,76,31,11,20,13,0.4,0.74,23,9,49,84
2016-11-22,2,8,64,23,10,13,8,0.4,0.91,21,11,42,79
2016-11-22,2,7,38,18,3,14,5,0.5,0.39,7,10,22,69
2016-11-22,2,6,27,11,0,11,3,0.4,0.09,1,2,8,80
2016-11-22,2,5,18,11,0,11,2,0.6,0,1.4,0,1,100
2016-11-22,2,4,17,8,0,8,3,0.5,0,1.8,0,4,100
2016-11-22,2,3,15,6,0,6,3,0.4,0,2.2,2,1,33
2016-11-22,2,2,16,7,0,7,5,0.4,0,2.6,3,5,63
2016-11-22,2,1,27,10,2,8,5,0.4,0.3,3,8,11,58
2016-11-22,2,0,36,16,2,14,9,0.4,0.25,4,1,17,94
2016-11-21,1,23,47,23,2,20,11,0.5,0.22,5,2,22,92
2016-11-21,1,22,54,18,2,16,11,0.3,0.33,6,1,30,97
2016-11-21,1,21,64,30,4,26,11,0.5,0.37,11,0,35,100
2016-11-21,1,20,86,36,6,30,16,0.4,0.28,10,0,32,100
2016-11-21,1,19,88,33,11,22,20,0.4,0.48,16,8,44,85
2016-11-21,1,18,81,30,16,14,20,0.4,1.03,31,9,56,86
2016-11-21,1,17,77,30,4,25,19,0.4,0.33,10,0,30,100
2016-11-21,1,16,75,26,3,23,17,0.3,0.23,6,2,21,91
2016-11-21,1,15,65,22,4,18,17,0.3,0.27,6,5,19,79
2016-11-21,1,14,62,17,1,16,19,0.3,0.35,6,4,21,84
2016-11-21,1,13,53,19,4,15,17,0.4,0.37,7,3,15,83
2016-11-21,1,12,61,20,4,16,17,0.3,0.45,9,4,27,87
2016-11-21,1,11,54,23,4,19,15,0.4,0.26,6,0,25,100
2016-11-21,1,10,63,26,8,18,15,0.4,0.65,17,16,46,74
2016-11-21,1,9,53,22,13,9,14,0.4,1.18,26,32,48,60
2016-11-21,1,8,42,16,11,4,11,0.4,1.25,20,50,37,43
2016-11-21,1,7,34,10,6,4,4,0.3,1.1,11,22,17,44
2016-11-21,1,6,17,4,0,4,4,0.2,0.25,1,8,5,38
2016-11-21,1,5,13,4,1,3,4,0.3,0.25,1,2,3,60
2016-11-21,1,4,12,6,1,5,4,0.5,0.5,3,2,5,71
2016-11-21,1,3,15,5,1,4,4,0.3,0.2,1,6,4,40
2016-11-21,1,2,20,7,1,6,5,0.3,0.57,4,4,10,71
2016-11-21,1,1,28,10,2,9,7,0.4,0.3,3,4,11,73
2016-11-21,1,0,41,16,2,13,12,0.4,0.38,6,6,22,79
2016-11-20,7,23,54,20,5,16,14,0.4,0.5,10,0,41,100
2016-11-20,7,22,68,23,3,20,18,0.3,0.43,10,3,40,93
2016-11-20,7,21,77,27,3,25,22,0.4,0.37,10,1,25,96
2016-11-20,7,20,87,39,6,34,22,0.4,0.31,12,3,43,93
2016-11-20,7,19,87,32,5,27,20,0.4,0.5,16,1,37,97
2016-11-20,7,18,83,30,7,23,20,0.4,0.53,16,1,43,98
2016-11-20,7,17,80,28,4,24,17,0.3,0.46,13,2,27,93
2016-11-20,7,16,62,23,4,19,16,0.4,0.61,14,4,31,89
2016-11-20,7,15,62,22,3,19,15,0.4,0.32,7,3,36,92
2016-11-20,7,14,54,19,3,17,14,0.4,0.21,4,2,25,93
2016-11-20,7,13,53,18,2,17,11,0.3,0.39,7,6,21,78
2016-11-20,7,12,43,19,2,16,12,0.4,0.26,5,5,32,86
2016-11-20,7,11,42,15,3,13,11,0.4,0.47,7,8,18,69
2016-11-20,7,10,40,14,2,12,11,0.3,0.36,5,5,13,72
2016-11-20,7,9,37,10,1,8,13,0.3,0.3,3,7,18,72
2016-11-20,7,8,26,6,2,5,14,0.2,0.5,3,6,12,67
2016-11-20,7,7,27,8,1,7,12,0.3,0.25,2,2,8,80
2016-11-20,7,6,34,13,2,11,11,0.4,0.31,4,3,10,77
2016-11-20,7,5,48,18,1,16,13,0.4,0.22,4,1,10,91
2016-11-20,7,4,51,20,6,14,12,0.4,0.65,13,4,23,85
2016-11-20,7,3,56,25,6,20,15,0.4,0.68,17,3,32,91
2016-11-20,7,2,64,27,7,20,21,0.4,0.48,13,6,36,86
2016-11-20,7,1,74,33,8,25,20,0.4,0.61,20,1,48,98
2016-11-20,7,0,83,29,10,19,23,0.3,1.03,30,1,53,98
2016-11-19,6,23,90,32,7,25,27,0.4,0.63,20,0,59,100
2016-11-19,6,22,91,36,5,31,22,0.4,0.47,17,2,46,96
2016-11-19,6,21,93,45,5,40,18,0.5,0.24,11,1,37,97
2016-11-19,6,20,83,35,6,29,20,0.4,0.49,17,9,35,80
2016-11-19,6,19,86,34,6,29,21,0.4,0.47,16,8,45,85
2016-11-19,6,18,81,31,7,25,22,0.4,0.52,16,6,43,88
2016-11-19,6,17,77,28,4,24,20,0.4,0.39,11,5,38,88
2016-11-19,6,16,67,22,3,19,20,0.3,0.32,7,7,36,84
2016-11-19,6,15,69,23,3,20,19,0.3,0.26,6,7,33,83
2016-11-19,6,14,52,21,5,16,16,0.4,0.38,8,5,32,86
2016-11-19,6,13,53,18,4,14,16,0.3,0.56,10,6,28,82
2016-11-19,6,12,51,17,2,15,15,0.3,0.41,7,7,28,80
2016-11-19,6,11,43,18,5,12,11,0.4,0.44,8,12,28,70
2016-11-19,6,10,41,16,4,12,8,0.4,0.81,13,10,29,74
2016-11-19,6,9,37,12,3,9,5,0.3,0.67,8,16,18,53
2016-11-19,6,8,27,7,2,5,5,0.3,0.57,4,12,10,45
2016-11-19,6,7,18,5,1,5,3,0.3,0.4,2,20,10,33
2016-11-19,6,6,24,9,1,7,4,0.4,0.33,3,3,5,63
2016-11-19,6,5,34,14,4,11,5,0.4,0.71,10,2,13,87
2016-11-19,6,4,40,19,5,13,7,0.5,0.68,13,8,22,73
2016-11-19,6,3,47,24,7,17,10,0.5,0.79,19,4,38,90
2016-11-19,6,2,59,26,5,21,15,0.4,0.58,15,2,33,94
2016-11-19,6,1,74,30,8,22,18,0.4,0.7,21,3,41,93
2016-11-19,6,0,88,35,10,25,26,0.4,0.77,27,3,59,95
2016-11-18,5,23,95,40,9,31,27,0.4,0.7,28,6,59,91
2016-11-18,5,22,106,46,4,42,24,0.4,0.28,13,6,40,87
2016-11-18,5,21,108,44,7,36,25,0.4,0.41,18,6,49,89
2016-11-18,5,20,108,42,12,31,23,0.4,0.55,23,7,52,88
2016-11-18,5,19,102,40,15,24,23,0.4,0.68,27,10,76,88
2016-11-18,5,18,83,37,22,15,18,0.4,0.78,29,16,66,80
2016-11-18,5,17,82,25,11,14,19,0.3,1,25,11,51,82
2016-11-18,5,16,63,22,10,11,15,0.3,0.68,15,17,32,65
2016-11-18,5,15,62,22,10,11,16,0.4,0.86,19,38,46,55
2016-11-18,5,14,65,21,6,15,18,0.3,0.57,12,12,38,76
2016-11-18,5,13,65,23,4,18,17,0.4,0.39,9,10,34,77
2016-11-18,5,12,58,22,6,16,18,0.4,0.45,10,15,30,67
2016-11-18,5,11,56,23,5,18,14,0.4,0.39,9,9,30,77
2016-11-18,5,10,67,27,10,17,10,0.4,0.67,18,14,50,78
2016-11-18,5,9,58,24,12,12,12,0.4,1.04,25,25,48,66
2016-11-18,5,8,48,16,8,8,12,0.3,1,16,26,34,57
2016-11-18,5,7,38,9,3,6,10,0.2,1.22,11,18,26,59
2016-11-18,5,6,19,5,1,4,6,0.3,0.2,1,7,2,22
2016-11-18,5,5,20,7,1,5,6,0.3,0.29,2,9,3,25
2016-11-18,5,4,27,12,4,8,6,0.4,0.75,9,12,20,63
2016-11-18,5,3,40,20,4,16,7,0.5,0.6,12,7,30,81
2016-11-18,5,2,45,24,1,23,8,0.5,0.17,4,1,19,95
2016-11-18,5,1,61,28,5,23,10,0.5,0.57,16,3,31,91
2016-11-18,5,0,62,30,8,22,14,0.5,0.8,24,5,44,90
2016-11-17,4,23,68,30,11,19,15,0.4,0.83,25,11,66,86
2016-11-17,4,22,77,34,13,21,19,0.4,1.12,38,5,78,94
2016-11-17,4,21,95,38,11,27,23,0.4,0.76,29,6,77,93
2016-11-17,4,20,97,42,9,33,23,0.4,0.55,23,8,70,90
2016-11-17,4,19,87,38,14,24,23,0.4,0.45,17,15,76,84
2016-11-17,4,18,83,31,18,13,25,0.4,1,31,34,93,73
2016-11-17,4,17,82,26,9,17,22,0.3,0.69,18,22,61,73
2016-11-17,4,16,71,22,6,17,22,0.3,0.59,13,21,41,66
2016-11-17,4,15,63,19,4,15,19,0.3,0.37,7,17,40,70
2016-11-17,4,14,60,21,2,19,16,0.3,0.19,4,8,24,75
2016-11-17,4,13,51,19,4,15,17,0.4,0.32,6,16,19,54
2016-11-17,4,12,71,24,4,21,19,0.3,0.46,11,10,29,74
2016-11-17,4,11,74,26,4,22,20,0.4,0.23,6,8,32,80
2016-11-17,4,10,78,35,12,23,19,0.4,0.57,20,17,49,74
2016-11-17,4,9,74,32,18,14,15,0.4,0.94,30,33,56,63
2016-11-17,4,8,59,23,11,13,14,0.4,0.96,22,23,45,66
2016-11-17,4,7,34,9,4,5,10,0.3,1.11,10,22,16,42
2016-11-17,4,6,29,7,0,7,9,0.2,0.29,2,6,3,33
2016-11-17,4,5,28,10,1,9,10,0.4,0,2.5,1,3,75
2016-11-17,4,4,30,12,2,11,11,0.4,0.25,3,6,9,60
2016-11-17,4,3,37,16,4,12,12,0.4,0.5,8,16,19,54
2016-11-17,4,2,40,21,3,18,11,0.5,0.24,5,4,22,85
2016-11-17,4,1,55,25,2,23,13,0.5,0.32,8,4,19,83
2016-11-17,4,0,65,32,5,27,16,0.5,0.28,9,3,37,93
2016-11-16,3,23,76,33,9,24,17,0.4,0.73,24,3,57,95
2016-11-16,3,22,84,35,11,23,19,0.4,0.94,33,18,65,78
2016-11-16,3,21,104,43,6,36,24,0.4,0.44,19,3,50,94
2016-11-16,3,20,103,46,7,39,25,0.4,0.41,19,4,52,93
2016-11-16,3,19,98,38,17,21,24,0.4,1.05,40,14,86,86
2016-11-16,3,18,92,31,16,15,25,0.3,0.94,29,16,71,82
2016-11-16,3,17,85,30,9,21,24,0.4,0.67,20,15,58,79
2016-11-16,3,16,94,25,2,23,28,0.3,0.2,5,6,23,79
2016-11-16,3,15,85,29,3,26,27,0.3,0.21,6,3,24,89
2016-11-16,3,14,76,29,3,26,19,0.4,0.1,3,4,26,87
2016-11-16,3,13,66,25,4,20,18,0.4,0.36,9,6,31,84
2016-11-16,3,12,70,26,6,20,15,0.4,0.38,10,5,31,86
2016-11-16,3,11,68,25,4,20,18,0.4,0.32,8,5,30,86
2016-11-16,3,10,84,34,8,26,18,0.4,0.5,17,5,49,91
2016-11-16,3,9,71,30,16,14,16,0.4,1.07,32,24,67,74
2016-11-16,3,8,55,20,9,11,16,0.4,1,20,33,53,62
2016-11-16,3,7,38,12,4,8,11,0.3,0.75,9,16,19,54
2016-11-16,3,6,30,9,0,9,12,0.3,0,6.33333333333333,2,4,67
2016-11-16,3,5,25,9,0,9,11,0.4,0,3.66666666666667,0,2,100
2016-11-16,3,4,27,11,0,11,11,0.4,0.09,1,2,3,60
2016-11-16,3,3,26,13,1,12,11,0.5,0.15,2,1,6,86
2016-11-16,3,2,34,13,1,12,12,0.4,0.15,2,1,4,80
2016-11-16,3,1,46,19,2,17,12,0.4,0.37,7,2,19,90
2016-11-16,3,0,54,24,5,19,16,0.4,0.5,12,6,39,87
2016-11-15,2,23,63,24,5,19,19,0.4,0.63,15,0,43,100
2016-11-15,2,22,68,28,8,20,20,0.4,0.71,20,11,51,82
2016-11-15,2,21,69,31,5,26,21,0.4,0.58,18,6,44,88
2016-11-15,2,20,84,33,11,22,22,0.4,0.55,18,13,49,79
2016-11-15,2,19,85,31,14,17,25,0.4,1,31,17,75,82
2016-11-15,2,18,78,29,13,16,23,0.4,0.93,27,13,60,82
2016-11-15,2,17,83,23,8,15,24,0.3,0.65,15,15,50,77
2016-11-15,2,16,80,25,3,23,26,0.3,0.32,8,6,37,86
2016-11-15,2,15,76,20,1,19,21,0.3,0.2,4,5,16,76
2016-11-15,2,14,66,19,3,16,24,0.3,0.21,4,5,21,81
2016-11-15,2,13,61,22,3,20,18,0.4,0.27,6,3,22,88
2016-11-15,2,12,63,19,3,15,19,0.3,0.42,8,7,34,83
2016-11-15,2,11,67,22,3,19,18,0.3,0.32,7,2,24,92
2016-11-15,2,10,66,27,8,19,15,0.4,0.44,12,13,34,72
2016-11-15,2,9,59,24,15,9,11,0.4,1.21,29,41,52,56
2016-11-15,2,8,44,14,8,7,8,0.3,1.07,15,58,35,38
2016-11-15,2,7,32,10,3,7,7,0.3,0.6,6,27,14,34
2016-11-15,2,6,25,11,1,11,7,0.4,0.36,4,2,4,67
2016-11-15,2,5,23,10,0,10,6,0.4,0,3.5,2,1,33
2016-11-15,2,4,22,10,0,10,6,0.5,0,3,1,1,50
2016-11-15,2,3,25,12,0,12,7,0.5,0,2.5,1,2,67
2016-11-15,2,2,26,14,1,14,7,0.5,0.14,2,0,5,100
2016-11-15,2,1,39,15,0,15,10,0.4,0.07,1,1,4,80
2016-11-15,2,0,46,21,4,17,16,0.5,0.43,9,4,23,85
2016-11-14,1,23,52,21,6,16,17,0.4,0.71,15,10,26,72
2016-11-14,1,22,65,27,5,22,17,0.4,0.48,13,7,31,82
2016-11-14,1,21,76,35,7,28,17,0.5,0.57,20,4,38,90
2016-11-14,1,20,85,31,7,24,19,0.4,0.65,20,6,37,86
2016-11-14,1,19,94,33,9,24,21,0.4,0.48,16,10,54,84
2016-11-14,1,18,74,28,14,14,17,0.4,0.86,24,11,59,84
2016-11-14,1,17,71,31,7,25,16,0.4,0.52,16,0,37,100
2016-11-14,1,16,65,21,3,18,14,0.3,0.43,9,5,28,85
2016-11-14,1,15,68,27,2,24,16,0.4,0.11,3,2,23,92
2016-11-14,1,14,68,25,2,23,20,0.4,0.2,5,7,21,75
2016-11-14,1,13,68,25,2,23,17,0.4,0.16,4,4,25,86
2016-11-14,1,12,72,25,2,23,20,0.3,0.16,4,3,19,86
2016-11-14,1,11,69,27,4,23,16,0.4,0.3,8,5,22,81
2016-11-14,1,10,65,24,7,17,16,0.4,0.54,13,12,43,78
2016-11-14,1,9,55,20,12,7,11,0.4,0.95,19,43,42,49
2016-11-14,1,8,47,16,9,7,11,0.3,1.19,19,38,39,51
2016-11-14,1,7,37,9,4,6,8,0.2,1.11,10,22,25,53
2016-11-14,1,6,23,7,1,6,6,0.3,0.14,1,1,5,83
2016-11-14,1,5,16,6,1,5,5,0.4,0.5,3,4,4,50
2016-11-14,1,4,15,6,0,6,6,0.4,0,2.33333333333333,4,4,50
2016-11-14,1,3,18,7,0,7,7,0.4,0,1.66666666666667,1,2,67
2016-11-14,1,2,21,7,0,7,9,0.3,0.14,1,3,6,67
2016-11-14,1,1,29,9,1,8,11,0.3,0.22,2,8,8,50
2016-11-14,1,0,38,14,3,11,12,0.4,0.43,6,9,15,63
